,DBP,mean,count
0,30.0,0.003956880875167755,3.0
1,40.0,0.0015160511615756565,102.0
2,50.0,0.001591123788788185,2483.0
3,60.0,0.0022153072128416025,16207.0
4,70.0,0.0042173102889446696,24481.0
5,80.0,0.01200142514479948,27409.0
6,90.0,0.03620316145551627,9660.0
7,100.0,0.0852810044686846,2612.0
8,110.0,0.13210865568473926,390.0
9,120.0,0.15676955280989496,95.0
10,130.0,0.20104966111807326,17.0
11,140.0,0.16558068414589172,9.0
