,DBP,mean,count
0,30.0,0.010165523292472414,3.0
1,40.0,0.010844949247262134,99.0
2,50.0,0.011298839835944895,2430.0
3,60.0,0.013051804631143749,15841.0
4,70.0,0.01573509963992879,23764.0
5,80.0,0.01952347071667201,26529.0
6,90.0,0.024137067904270244,9663.0
7,100.0,0.030762321428393254,2699.0
8,110.0,0.03368843492547873,413.0
9,120.0,0.03192649953881292,100.0
10,130.0,0.04437525766147188,20.0
11,140.0,0.030334986572801932,9.0
