,DBP,mean,count
0,0.0,0.008484403563115285,9.0
1,30.0,0.009443765056562067,6.0
2,40.0,0.010815856368545897,127.0
3,50.0,0.011109280200699262,2514.0
4,60.0,0.01265086843847984,16055.0
5,70.0,0.015346595988024679,24258.0
6,80.0,0.01902339891185962,26925.0
7,90.0,0.02389111735341269,9486.0
8,100.0,0.030312440082942607,2505.0
9,110.0,0.034589035886970466,413.0
10,120.0,0.038001402709920085,104.0
11,130.0,0.04602432100018975,23.0
12,140.0,0.02884218609996909,5.0
13,170.0,0.02347162660339309,1.0
