,DBP,mean,count
0,0.0,0.0012985208442748237,8.0
1,30.0,0.0012282816108950467,6.0
2,40.0,0.0015391483016065977,132.0
3,50.0,0.0015154047580892215,2564.0
4,60.0,0.0020448219754975504,16384.0
5,70.0,0.003927011539830061,24938.0
6,80.0,0.011170003886540261,27584.0
7,90.0,0.034587271953868216,9388.0
8,100.0,0.08207182559559768,2293.0
9,110.0,0.12868668966738853,344.0
10,120.0,0.1707201764492603,82.0
11,130.0,0.2010671383821095,14.0
12,140.0,0.14227139323001214,2.0
