,DBP,mean,count
0,30.0,0.0018481414555455236,3.0
1,40.0,0.002348955893769325,102.0
2,50.0,0.0023644767739503672,2485.0
3,60.0,0.002963628595479861,16189.0
4,70.0,0.0042167243864396405,24635.0
5,80.0,0.0066348605241255765,28174.0
6,90.0,0.009344100279655975,10395.0
7,100.0,0.011501207690451815,2874.0
8,110.0,0.012363033043755224,449.0
9,120.0,0.009940778213750374,100.0
10,130.0,0.0208681855184576,21.0
11,140.0,0.00861981153937212,9.0
