feature,fold_1,fold_2,fold_3,fold_4,fold_5,average
H25_age,182.98473930358887,137.97242879867554,149.62546920776367,270.07619285583496,156.73422718048096,179.4786114692688
H25_sex,301.36677169799805,141.511577129364,198.09804105758667,145.73082065582275,173.39812755584717,192.02106761932373
H25_bmi,517.5261783599854,557.3170690536499,587.2504692077637,541.9723558425903,378.11165142059326,516.4355447769165
H25_dbp,189.69430828094482,126.47759866714478,173.2157006263733,208.0049638748169,174.73247909545898,174.42501010894776
H25_sbp,11.555899620056152,62.69391059875488,60.424139976501465,23.78529930114746,67.53295946121216,45.19844179153442
H25_lhrate,170.13930940628052,238.5308895111084,94.65740966796875,103.87936925888062,149.91686058044434,151.4247676849365
H25_a1c,15950.8357796669,16184.394627094269,15974.84839963913,16040.758406162262,16713.125681877136,16172.79257888794
H25_ht,13.48354959487915,8.830619812011719,0.0,17.734049797058105,14.544610023498535,10.918565845489502
H25_dl,57.99080991744995,91.65052938461304,215.05722188949585,149.05847024917603,146.74713897705078,132.10083408355712
